sim_id,path_type,depth_input_mm,total_time,status,param_radius,param_num_passes,timestamp,max_depth_mm,avg_depth_mm,depth_std_mm,min_z_coord,max_z_coord,max_stress_MPa,avg_stress_MPa,stress_std_MPa,max_strain,avg_strain,strain_std,formed_diameter_x_mm,formed_diameter_y_mm,formed_area_mm2,num_nodes,num_stress_values,num_strain_values,param_amplitude,param_k_petals,param_num_rotations,param_max_radius,param_major_axis,param_minor_axis,param_side_length,param_width,param_height,param_num_lines,param_outer_radius,param_inner_radius,param_num_points_star,param_num_cycles,param_min_radius,param_num_circles,param_freq_x,param_freq_y,param_num_periods
1,hexagon,5.5,60.0,UPLOAD_FAILED,8.0,2.0,2026-02-13T01:57:18.062469,,,,,,,,,,,,,,,,,,,,,,,,,,,,,,,,,,,,
2,rose,2.0,75.0,SUCCESS,,,2026-02-13T01:58:29.799188,1.6,1.094,0.716,0.0,1.6,305.7,12.54,29.12,0.5774,0.029744,0.126586,65.0,65.0,4225.0,1879.0,79757.0,30333.0,6.0,3.0,2.0,,,,,,,,,,,,,,,,
3,spiral,4.0,65.0,SUCCESS,,,2026-02-13T01:59:50.519030,1.6,1.099,0.724,0.0,1.6,260.2,7.54,20.9,0.5774,0.030923,0.129734,65.0,65.0,4225.0,1945.0,69646.0,29017.0,,,3.0,10.0,,,,,,,,,,,,,,,
4,hexagon,2.5,70.0,SUCCESS,11.0,3.0,2026-02-13T02:01:59.971763,1.6,1.093,0.72,0.0,1.6,299.1,10.91,26.59,0.5774,0.030172,0.127561,65.0,65.0,4225.0,1891.0,75149.0,29842.0,,,,,,,,,,,,,,,,,,,
5,rose,4.0,75.0,SUCCESS,,,2026-02-13T02:07:04.626060,1.6,1.095,0.723,0.0,1.6,290.5,8.85,23.48,0.5774,0.030998,0.129509,65.0,65.0,4225.0,1917.0,70443.0,28925.0,10.0,2.0,2.0,,,,,,,,,,,,,,,,
6,hexagon,4.5,60.0,SUCCESS,14.0,1.0,2026-02-13T02:09:25.284872,1.6,1.094,0.719,0.0,1.6,283.9,11.23,26.9,0.5774,0.029926,0.127103,65.0,65.0,4225.0,1893.0,75844.0,30113.0,,,,,,,,,,,,,,,,,,,
7,hexagon,3.5,45.0,FAILED,4.0,3.0,2026-02-13T02:12:00.009274,,,,,,,,,,,,,,,,,,,,,,,,,,,,,,,,,,,,
8,ellipse,4.5,70.0,SUCCESS,,,2026-02-13T02:13:17.406514,1.6,1.101,0.719,0.0,1.6,260.2,9.95,24.88,0.5774,0.029315,0.126337,65.0,65.0,4225.0,1931.0,78208.0,30452.0,,,2.0,,8.0,3.8,,,,,,,,,,,,,
9,square,7.0,40.0,SUCCESS,,3.0,2026-02-13T02:14:33.122404,1.6,1.099,0.715,0.0,1.6,292.0,11.91,28.12,0.5774,0.029319,0.125991,65.0,65.0,4225.0,1904.0,79979.0,30633.0,,,,,,,10.0,,,,,,,,,,,,
10,square,8.0,50.0,SUCCESS,,2.0,2026-02-13T02:17:25.127443,1.6,1.097,0.71,0.0,1.6,303.5,15.38,33.38,0.5774,0.02941,0.125921,65.0,65.0,4225.0,1867.0,82673.0,30686.0,,,,,,,18.0,,,,,,,,,,,,
11,square,4.5,60.0,FAILED,,1.0,2026-02-13T02:19:29.807562,,,,,,,,,,,,,,,,,,,,,,,,8.0,,,,,,,,,,,,
12,spiral_inward,4.0,55.0,SUCCESS,,,2026-02-13T02:20:14.620065,1.6,1.102,0.714,0.0,1.6,299.0,11.85,27.73,0.5774,0.02941,0.126405,65.0,65.0,4225.0,1916.0,79614.0,30416.0,,,2.0,12.0,,,,,,,,,,,,,,,
13,rose,2.5,55.0,SUCCESS,,,2026-02-13T02:21:46.779710,1.6,1.102,0.716,0.0,1.6,285.2,11.12,26.86,0.5774,0.029292,0.126197,65.0,65.0,4225.0,1926.0,80596.0,30521.0,8.0,5.0,2.0,,,,,,,,,,,,,,,,
14,circular,3.0,75.0,SUCCESS,9.0,,2026-02-13T02:23:19.041086,1.6,1.099,0.721,0.0,1.6,271.2,9.07,23.52,0.5774,0.030162,0.128082,65.0,65.0,4225.0,1932.0,73451.0,29582.0,,,4.0,,,,,,,,,,,,,,,,
15,zigzag,3.0,50.0,SUCCESS,,,2026-02-13T02:25:55.263459,1.6,1.09,0.721,0.0,1.6,259.7,10.11,25.55,0.5774,0.030405,0.128483,65.0,65.0,4225.0,1946.0,72845.0,29385.0,,,,,,,,14.0,22.0,11.0,,,,,,,,,
16,rose,6.0,55.0,SUCCESS,,,2026-02-13T02:26:55.312816,1.6,1.1,0.71,0.0,1.6,304.9,14.5,32.32,0.5774,0.029056,0.125351,65.0,65.0,4225.0,1886.0,82904.0,30963.0,6.0,2.0,2.0,,,,,,,,,,,,,,,,
17,star,1.0,70.0,SUCCESS,,,2026-02-13T02:28:59.620688,1.6,1.097,0.728,0.0,1.6,268.2,6.12,19.31,0.5774,0.031817,0.131452,65.0,65.0,4225.0,1951.0,62400.0,28876.0,,,,,,,,,,,14.0,7.4,5.0,,,,,,
18,square,6.5,50.0,SUCCESS,,3.0,2026-02-13T02:32:56.303953,1.6,1.086,0.714,0.0,1.6,298.9,14.45,31.82,1.156,0.030896,0.128778,65.0,65.0,4225.0,1849.0,75998.0,29777.0,,,,,,,18.0,,,,,,,,,,,,
19,rose,4.5,65.0,SUCCESS,,,2026-02-13T02:38:13.145985,1.6,1.091,0.719,0.0,1.6,314.2,11.64,27.63,0.5774,0.030354,0.127526,65.0,65.0,4225.0,1879.0,76380.0,30004.0,10.0,5.0,3.0,,,,,,,,,,,,,,,,
20,figure8,4.0,70.0,SUCCESS,,,2026-02-13T02:41:53.706163,1.6,1.097,0.721,0.0,1.6,277.4,9.92,24.68,0.5774,0.029755,0.12698,65.0,65.0,4225.0,1918.0,78928.0,30138.0,8.0,,,,,,,,,,,,,4.0,,,,,
21,star,4.5,50.0,UPLOAD_FAILED,,,2026-02-13T02:42:20.326359,,,,,,,,,,,,,,,,,,,,,,,,,,,,12.0,5.9,7.0,,,,,,
22,square,5.5,55.0,SUCCESS,,3.0,2026-02-13T02:43:29.287825,1.6,1.096,0.714,0.0,1.6,285.2,12.58,29.41,0.5774,0.029648,0.126636,65.0,65.0,4225.0,1886.0,78341.0,30298.0,,,,,,,14.0,,,,,,,,,,,,
23,square,6.0,70.0,SUCCESS,,2.0,2026-02-13T02:46:37.636182,1.6,1.09,0.715,0.0,1.6,308.0,13.25,30.08,0.5774,0.030587,0.12789,65.0,65.0,4225.0,1864.0,75990.0,29764.0,,,,,,,18.0,,,,,,,,,,,,
24,concentric,7.0,75.0,FAILED,,,2026-02-13T02:49:12.548282,,,,,,,,,,,,,,,,,,,,,11.0,,,,,,,,,,,3.0,6.0,,,
25,figure8,4.0,75.0,FAILED,,,2026-02-13T02:53:08.271219,,,,,,,,,,,,,,,,,,6.0,,,,,,,,,,,,,2.0,,,,,
26,circular,4.5,75.0,SUCCESS,8.0,,2026-02-13T02:54:41.746376,1.6,1.098,0.722,0.0,1.6,287.6,9.53,24.07,0.5774,0.029632,0.126803,65.0,65.0,4225.0,1927.0,77652.0,30216.0,,,1.0,,,,,,,,,,,,,,,,
27,spiral_inward,2.5,75.0,SUCCESS,,,2026-02-13T03:01:02.484865,1.6,1.097,0.726,0.0,1.6,276.4,7.73,21.2,0.5774,0.030449,0.128625,65.0,65.0,4225.0,1941.0,74789.0,29324.0,,,5.0,15.0,,,,,,,,,,,,,,,
28,spiral,6.5,75.0,SUCCESS,,,2026-02-13T03:02:18.766932,1.6,1.092,0.714,0.0,1.6,316.2,13.58,30.79,0.5774,0.029842,0.126529,65.0,65.0,4225.0,1863.0,80369.0,30380.0,,,2.0,9.0,,,,,,,,,,,,,,,
29,star,6.0,50.0,FAILED,,,2026-02-13T03:04:53.689495,,,,,,,,,,,,,,,,,,,,,,,,,,,,10.0,5.0,4.0,,,,,,
30,spiral_inward,3.0,50.0,SUCCESS,,,2026-02-13T03:09:23.465250,1.6,1.1,0.721,0.0,1.6,273.3,9.3,23.94,0.5774,0.029119,0.125999,65.0,65.0,4225.0,1939.0,78203.0,30685.0,,,5.0,13.0,,,,,,,,,,,,,,,
31,spiral_inward,5.5,65.0,SUCCESS,,,2026-02-13T03:13:19.888221,1.6,1.105,0.708,0.0,1.6,310.5,14.84,33.01,0.5774,0.028868,0.125159,65.0,65.0,4225.0,1905.0,84505.0,31062.0,,,5.0,11.0,,,,,,,,,,,,,,,
32,rose,7.0,75.0,SUCCESS,,,2026-02-13T03:15:23.803862,1.6,1.096,0.711,0.0,1.6,305.9,14.86,32.63,0.5774,0.029349,0.125746,65.0,65.0,4225.0,1865.0,82673.0,30761.0,8.0,4.0,1.0,,,,,,,,,,,,,,,,
33,ellipse,4.0,70.0,FAILED,,,2026-02-13T03:18:46.795833,,,,,,,,,,,,,,,,,,,,2.0,,10.0,5.0,,,,,,,,,,,,,
34,square,3.0,70.0,FAILED,,2.0,2026-02-13T03:31:32.912523,,,,,,,,,,,,,,,,,,,,,,,,20.0,,,,,,,,,,,,
35,spiral,2.5,75.0,SUCCESS,,,2026-02-13T03:35:30.415070,1.6,1.096,0.723,0.0,1.6,272.0,8.64,22.95,0.5774,0.030731,0.129054,65.0,65.0,4225.0,1924.0,70839.0,29114.0,,,5.0,10.0,,,,,,,,,,,,,,,
36,zigzag,4.5,60.0,SUCCESS,,,2026-02-13T03:37:34.940223,1.6,1.094,0.714,0.0,1.6,282.8,12.6,29.21,0.5774,0.029881,0.127106,65.0,65.0,4225.0,1910.0,76796.0,30065.0,,,,,,,,18.0,14.0,5.0,,,,,,,,,
37,lissajous,4.0,75.0,TIMEOUT,,,2026-02-13T03:53:01.594370,,,,,,,,,,,,,,,,,,10.0,,,,,,,,,,,,,,,,4.0,4.0,3.0
38,rose,8.0,75.0,SUCCESS,,,2026-02-13T03:59:22.252246,1.6,1.096,0.72,0.0,1.6,302.8,10.21,24.82,1.078,0.029978,0.127524,65.0,65.0,4225.0,1911.0,80452.0,30118.0,8.0,6.0,3.0,,,,,,,,,,,,,,,,
39,concentric,4.0,60.0,FAILED,,,2026-02-13T04:01:25.008290,,,,,,,,,,,,,,,,,,,,,10.0,,,,,,,,,,,2.0,7.0,,,
40,figure8,1.5,55.0,SUCCESS,,,2026-02-13T04:05:55.204013,1.6,1.095,0.731,0.0,1.6,263.8,5.53,16.92,0.5774,0.031202,0.130245,65.0,65.0,4225.0,1950.0,67591.0,28708.0,12.0,,,,,,,,,,,,,4.0,,,,,
41,lissajous,7.0,65.0,UPLOAD_FAILED,,,2026-02-13T04:06:19.616573,,,,,,,,,,,,,,,,,,6.0,,,,,,,,,,,,,,,,1.0,2.0,4.0
42,spiral_inward,2.0,65.0,SUCCESS,,,2026-02-13T04:08:32.746917,1.6,1.098,0.726,0.0,1.6,260.6,7.09,19.96,0.5774,0.030719,0.129346,65.0,65.0,4225.0,1950.0,73995.0,29334.0,,,3.0,9.0,,,,,,,,,,,,,,,
43,circular,4.0,60.0,SUCCESS,4.0,,2026-02-13T04:10:37.368265,1.6,1.099,0.719,0.0,1.6,271.1,10.38,25.52,0.5774,0.02941,0.126408,65.0,65.0,4225.0,1921.0,78875.0,30415.0,,,3.0,,,,,,,,,,,,,,,,
44,circular,8.0,60.0,SUCCESS,8.0,,2026-02-13T04:12:41.325048,1.6,1.088,0.712,0.0,1.6,328.1,15.57,33.61,0.5774,0.030052,0.126364,65.0,65.0,4225.0,1831.0,81938.0,30730.0,,,3.0,,,,,,,,,,,,,,,,
45,concentric,5.5,50.0,FAILED,,,2026-02-13T04:25:42.806140,,,,,,,,,,,,,,,,,,,,,16.0,,,,,,,,,,,4.0,6.0,,,
46,rose,7.5,45.0,SUCCESS,,,2026-02-13T04:26:59.651256,1.6,1.097,0.708,0.0,1.6,322.3,16.52,35.34,0.5774,0.0291,0.125239,65.0,65.0,4225.0,1857.0,84611.0,31040.0,6.0,6.0,2.0,,,,,,,,,,,,,,,,
47,zigzag,5.0,75.0,UPLOAD_FAILED,,,2026-02-13T04:27:24.080471,,,,,,,,,,,,,,,,,,,,,,,,,14.0,14.0,3.0,,,,,,,,,
48,ellipse,1.5,55.0,SUCCESS,,,2026-02-13T04:31:13.502891,1.6,1.099,0.726,0.0,1.6,263.4,6.8,19.92,0.5774,0.031653,0.131181,65.0,65.0,4225.0,1951.0,66695.0,28874.0,,,2.0,,8.0,5.3,,,,,,,,,,,,,
49,ellipse,6.5,75.0,FAILED,,,2026-02-13T04:33:48.329032,,,,,,,,,,,,,,,,,,,,3.0,,14.0,12.0,,,,,,,,,,,,,
50,spiral_inward,6.5,50.0,UPLOAD_FAILED,,,2026-02-13T04:34:14.004207,,,,,,,,,,,,,,,,,,,,4.0,14.0,,,,,,,,,,,,,,,
51,hexagon,1.5,55.0,SUCCESS,6.0,2.0,2026-02-13T04:36:43.640257,1.6,1.098,0.728,0.0,1.6,258.4,6.28,18.67,0.5774,0.031806,0.131509,65.0,65.0,4225.0,1951.0,66300.0,28722.0,,,,,,,,,,,,,,,,,,,
52,circular,1.5,40.0,SUCCESS,11.0,,2026-02-13T04:38:32.250512,1.6,1.1,0.724,0.0,1.6,261.3,7.18,20.79,0.5774,0.031473,0.13075,65.0,65.0,4225.0,1950.0,66470.0,28633.0,,,4.0,,,,,,,,,,,,,,,,
53,ellipse,7.5,55.0,FAILED,,,2026-02-13T04:43:47.465650,,,,,,,,,,,,,,,,,,,,1.0,,12.0,7.0,,,,,,,,,,,,,
54,figure8,1.5,70.0,SUCCESS,,,2026-02-13T04:45:20.858234,1.6,1.09,0.738,0.0,1.6,201.0,3.34,10.98,0.5774,0.03189,0.131708,65.0,65.0,4225.0,1951.0,65113.0,28087.0,6.0,,,,,,,,,,,,,2.0,,,,,
55,lissajous,6.5,75.0,FAILED,,,2026-02-13T04:51:40.762398,,,,,,,,,,,,,,,,,,8.0,,,,,,,,,,,,,,,,2.0,4.0,3.0
56,zigzag,2.5,50.0,UPLOAD_FAILED,,,2026-02-13T04:52:06.572214,,,,,,,,,,,,,,,,,,,,,,,,,18.0,22.0,5.0,,,,,,,,,
57,zigzag,5.5,75.0,SUCCESS,,,2026-02-13T04:54:51.719040,1.6,1.088,0.713,0.0,1.6,291.8,14.14,31.46,0.5774,0.030177,0.127293,65.0,65.0,4225.0,1891.0,76830.0,30024.0,,,,,,,,18.0,18.0,5.0,,,,,,,,,
58,spiral,1.0,75.0,SUCCESS,,,2026-02-13T04:57:12.171575,1.6,1.092,0.735,0.0,1.6,216.9,4.13,13.64,0.5774,0.032247,0.132407,65.0,65.0,4225.0,1951.0,62396.0,28455.0,,,4.0,8.0,,,,,,,,,,,,,,,
59,spiral,4.0,70.0,SUCCESS,,,2026-02-13T04:59:48.337343,1.6,1.095,0.719,0.0,1.6,297.2,10.91,26.51,0.5774,0.030008,0.127325,65.0,65.0,4225.0,1901.0,75896.0,29955.0,,,5.0,9.0,,,,,,,,,,,,,,,
60,spiral_inward,6.5,55.0,SUCCESS,,,2026-02-13T05:01:05.238538,1.6,1.103,0.704,0.0,1.6,313.6,17.79,37.4,0.5774,0.028799,0.124852,65.0,65.0,4225.0,1870.0,87960.0,31223.0,,,2.0,8.0,,,,,,,,,,,,,,,
61,concentric,1.5,65.0,SUCCESS,,,2026-02-13T05:03:09.723581,1.6,1.097,0.727,0.0,1.6,267.8,6.33,18.36,0.5774,0.031529,0.130816,65.0,65.0,4225.0,1948.0,66210.0,28416.0,,,,13.0,,,,,,,,,,,3.0,5.0,,,
62,spiral_inward,1.5,65.0,SUCCESS,,,2026-02-13T05:06:50.714991,1.6,1.096,0.73,0.0,1.6,261.2,5.87,17.97,0.5774,0.031579,0.131047,65.0,65.0,4225.0,1951.0,68428.0,28588.0,,,3.0,13.0,,,,,,,,,,,,,,,
63,lissajous,1.5,55.0,SUCCESS,,,2026-02-13T05:14:16.634453,1.6,1.091,0.732,0.0,1.6,275.3,5.72,17.05,0.5774,0.030856,0.129443,65.0,65.0,4225.0,1956.0,70634.0,28985.0,14.0,,,,,,,,,,,,,,,,4.0,2.0,2.0
64,square,8.0,75.0,SUCCESS,,2.0,2026-02-13T05:16:05.207244,1.6,1.094,0.709,0.0,1.6,321.0,15.63,33.32,0.5774,0.029888,0.126588,65.0,65.0,4225.0,1847.0,81359.0,30360.0,,,,,,,10.0,,,,,,,,,,,,
65,figure8,4.0,45.0,FAILED,,,2026-02-13T05:22:41.668534,,,,,,,,,,,,,,,,,,12.0,,,,,,,,,,,,,1.0,,,,,
66,lissajous,2.5,75.0,FAILED,,,2026-02-13T05:35:13.447636,,,,,,,,,,,,,,,,,,14.0,,,,,,,,,,,,,,,,4.0,3.0,4.0
67,ellipse,2.0,55.0,FAILED,,,2026-02-13T05:42:22.138868,,,,,,,,,,,,,,,,,,,,1.0,,16.0,6.7,,,,,,,,,,,,,
68,spiral,4.5,60.0,SUCCESS,,,2026-02-13T05:43:39.538770,1.6,1.097,0.717,0.0,1.6,299.7,11.36,27.33,0.5774,0.029702,0.126772,65.0,65.0,4225.0,1903.0,78412.0,30230.0,,,2.0,8.0,,,,,,,,,,,,,,,
69,circular,4.5,75.0,SUCCESS,7.0,,2026-02-13T05:48:02.336072,1.6,1.095,0.719,0.0,1.6,299.1,11.22,26.93,0.5774,0.029827,0.126937,65.0,65.0,4225.0,1896.0,78001.0,30149.0,,,4.0,,,,,,,,,,,,,,,,
70,lissajous,1.0,65.0,SUCCESS,,,2026-02-13T05:49:34.391590,1.6,1.091,0.736,0.0,1.6,224.8,3.83,12.67,0.5774,0.032641,0.132981,65.0,65.0,4225.0,1947.0,64064.0,28533.0,14.0,,,,,,,,,,,,,,,,3.0,5.0,3.0
71,lissajous,6.0,50.0,SUCCESS,,,2026-02-13T05:51:54.903725,1.6,1.092,0.719,0.0,1.6,304.0,11.29,26.54,0.5774,0.030503,0.127966,65.0,65.0,4225.0,1883.0,79095.0,29670.0,8.0,,,,,,,,,,,,,,,,4.0,3.0,4.0
72,ellipse,1.0,60.0,SUCCESS,,,2026-02-13T05:56:39.666823,1.6,1.099,0.725,0.0,1.6,259.4,6.64,19.22,0.7111,0.032562,0.13259,65.0,65.0,4225.0,1947.0,64470.0,29205.0,,,3.0,,16.0,7.7,,,,,,,,,,,,,
73,spiral,6.0,75.0,UPLOAD_FAILED,,,2026-02-13T05:57:04.198346,,,,,,,,,,,,,,,,,,,,5.0,13.0,,,,,,,,,,,,,,,
74,spiral_inward,5.0,65.0,UPLOAD_FAILED,,,2026-02-13T05:57:05.305014,,,,,,,,,,,,,,,,,,,,4.0,14.0,,,,,,,,,,,,,,,
75,rose,1.5,75.0,SUCCESS,,,2026-02-13T05:58:46.212380,1.6,1.099,0.726,0.0,1.6,263.3,6.82,20.05,0.5774,0.03161,0.131089,65.0,65.0,4225.0,1951.0,67229.0,28843.0,8.0,6.0,2.0,,,,,,,,,,,,,,,,
76,hexagon,1.0,45.0,SUCCESS,11.0,1.0,2026-02-13T06:00:50.727792,1.6,1.097,0.729,0.0,1.6,264.2,5.87,18.52,0.5774,0.032081,0.132,65.0,65.0,4225.0,1951.0,63424.0,28640.0,,,,,,,,,,,,,,,,,,,
77,hexagon,6.0,40.0,SUCCESS,7.0,1.0,2026-02-13T06:02:06.638766,1.6,1.1,0.71,0.0,1.6,307.8,14.27,31.77,0.5774,0.02919,0.125689,65.0,65.0,4225.0,1884.0,82536.0,30785.0,,,,,,,,,,,,,,,,,,,
78,spiral_inward,5.0,65.0,SUCCESS,,,2026-02-13T06:05:47.272159,1.6,1.104,0.711,0.0,1.6,304.6,13.47,30.82,0.5774,0.0289,0.125312,65.0,65.0,4225.0,1914.0,83000.0,30981.0,,,5.0,12.0,,,,,,,,,,,,,,,
79,concentric,8.0,55.0,FAILED,,,2026-02-13T06:08:06.173641,,,,,,,,,,,,,,,,,,,,,11.0,,,,,,,,,,,5.0,6.0,,,
80,hexagon,2.0,60.0,SUCCESS,9.0,3.0,2026-02-13T06:12:36.111400,1.6,1.098,0.724,0.0,1.6,272.9,7.69,21.21,0.5774,0.031112,0.130004,65.0,65.0,4225.0,1939.0,68565.0,28720.0,,,,,,,,,,,,,,,,,,,
81,circular,7.5,45.0,SUCCESS,4.0,,2026-02-13T06:13:52.422126,1.6,1.1,0.704,0.0,1.6,317.1,17.54,36.73,0.5774,0.028849,0.124859,65.0,65.0,4225.0,1859.0,86112.0,31223.0,,,1.0,,,,,,,,,,,,,,,,
82,circular,2.5,45.0,SUCCESS,8.0,,2026-02-13T06:17:49.830555,1.6,1.099,0.722,0.0,1.6,263.4,8.83,23.38,0.5774,0.030457,0.128669,65.0,65.0,4225.0,1933.0,72456.0,29298.0,,,3.0,,,,,,,,,,,,,,,,
83,hexagon,5.5,75.0,FAILED,16.0,2.0,2026-02-13T06:20:56.965627,,,,,,,,,,,,,,,,,,,,,,,,,,,,,,,,,,,,
84,spiral,4.0,50.0,SUCCESS,,,2026-02-13T06:23:05.119954,1.6,1.097,0.718,0.0,1.6,289.7,11.07,26.75,0.5774,0.029577,0.126566,65.0,65.0,4225.0,1905.0,77802.0,30335.0,,,4.0,9.0,,,,,,,,,,,,,,,
85,circular,3.5,70.0,SUCCESS,11.0,,2026-02-13T06:29:58.240181,1.6,1.091,0.721,0.0,1.6,328.2,10.38,25.89,1.057,0.030929,0.129339,65.0,65.0,4225.0,1887.0,73565.0,29262.0,,,3.0,,,,,,,,,,,,,,,,
86,circular,2.0,70.0,SUCCESS,11.0,,2026-02-13T06:36:35.846938,1.6,1.098,0.724,0.0,1.6,276.4,7.76,21.55,0.5774,0.031314,0.130245,65.0,65.0,4225.0,1935.0,67969.0,28587.0,,,3.0,,,,,,,,,,,,,,,,
87,figure8,6.5,70.0,SUCCESS,,,2026-02-13T06:38:40.394991,1.6,1.097,0.716,0.0,1.6,320.5,12.96,30.19,0.5774,0.029589,0.126109,65.0,65.0,4225.0,1894.0,82191.0,30762.0,8.0,,,,,,,,,,,,,1.0,,,,,
88,circular,4.0,70.0,UPLOAD_FAILED,6.0,,2026-02-13T06:39:04.714980,,,,,,,,,,,,,,,,,,,,4.0,,,,,,,,,,,,,,,,
89,concentric,7.5,55.0,SUCCESS,,,2026-02-13T06:41:01.639091,1.6,1.093,0.71,0.0,1.6,330.6,15.74,34.13,0.5774,0.029534,0.125844,65.0,65.0,4225.0,1849.0,83324.0,30742.0,,,,7.0,,,,,,,,,,,3.0,4.0,,,
90,spiral_inward,1.5,75.0,SUCCESS,,,2026-02-13T06:44:42.834881,1.6,1.096,0.73,0.0,1.6,250.3,5.81,17.72,0.5774,0.031914,0.131751,65.0,65.0,4225.0,1951.0,67893.0,28883.0,,,5.0,8.0,,,,,,,,,,,,,,,
91,star,4.0,55.0,SUCCESS,,,2026-02-13T06:46:15.148718,1.6,1.097,0.716,0.0,1.6,280.7,11.85,28.13,0.5774,0.029695,0.126811,65.0,65.0,4225.0,1896.0,76926.0,30214.0,,,,,,,,,,,12.0,5.1,5.0,,,,,,
92,hexagon,7.5,70.0,SUCCESS,4.0,1.0,2026-02-13T06:47:31.201170,1.6,1.1,0.704,0.0,1.6,304.8,17.72,37.04,0.5774,0.028844,0.124862,65.0,65.0,4225.0,1857.0,86175.0,31221.0,,,,,,,,,,,,,,,,,,,
93,figure8,7.0,50.0,FAILED,,,2026-02-13T06:49:49.839084,,,,,,,,,,,,,,,,,,12.0,,,,,,,,,,,,,1.0,,,,,
94,rose,6.0,60.0,FAILED,,,2026-02-13T06:53:13.732830,,,,,,,,,,,,,,,,,,12.0,2.0,1.0,,,,,,,,,,,,,,,,
95,rose,7.0,45.0,SUCCESS,,,2026-02-13T06:54:30.615371,1.6,1.098,0.709,0.0,1.6,306.9,15.81,34.14,0.5774,0.029023,0.125239,65.0,65.0,4225.0,1866.0,84154.0,31032.0,6.0,4.0,2.0,,,,,,,,,,,,,,,,
96,lissajous,7.5,65.0,FAILED,,,2026-02-13T07:02:11.018222,,,,,,,,,,,,,,,,,,12.0,,,,,,,,,,,,,,,,2.0,4.0,3.0
97,figure8,4.0,70.0,FAILED,,,2026-02-13T07:09:05.225081,,,,,,,,,,,,,,,,,,14.0,,,,,,,,,,,,,3.0,,,,,
98,square,5.0,45.0,SUCCESS,,1.0,2026-02-13T07:10:54.354013,1.6,1.096,0.712,0.0,1.6,293.0,13.21,29.9,0.5774,0.030165,0.1276,65.0,65.0,4225.0,1887.0,77255.0,29819.0,,,,,,,16.0,,,,,,,,,,,,
99,circular,1.0,45.0,SUCCESS,16.0,,2026-02-13T07:15:23.761351,1.6,1.097,0.727,0.0,1.6,281.1,6.46,18.52,0.6088,0.032783,0.133126,65.0,65.0,4225.0,1946.0,64182.0,29026.0,,,4.0,,,,,,,,,,,,,,,,
100,spiral,2.0,75.0,SUCCESS,,,2026-02-13T07:19:04.377194,1.6,1.097,0.724,0.0,1.6,271.8,8.03,22.21,0.5774,0.030993,0.129615,65.0,65.0,4225.0,1933.0,68884.0,28884.0,,,4.0,11.0,,,,,,,,,,,,,,,
101,circular,4.0,60.0,UPLOAD_FAILED,16.0,,2026-02-13T07:19:28.874989,,,,,,,,,,,,,,,,,,,,1.0,,,,,,,,,,,,,,,,
102,spiral,8.0,60.0,FAILED,,,2026-02-13T07:21:56.182023,,,,,,,,,,,,,,,,,,,,3.0,12.0,,,,,,,,,,,,,,,
103,spiral_inward,2.0,65.0,DOWNLOAD_FAILED,,,2026-02-13T07:25:05.934299,,,,,,,,,,,,,,,,,,,,4.0,9.0,,,,,,,,,,,,,,,
104,ellipse,1.5,75.0,UPLOAD_FAILED,,,2026-02-13T07:25:30.522407,,,,,,,,,,,,,,,,,,,,3.0,,12.0,7.7,,,,,,,,,,,,,
105,square,2.0,75.0,SUCCESS,,3.0,2026-02-13T07:28:31.878545,1.6,1.098,0.725,0.0,1.6,261.9,7.21,19.99,0.5774,0.031551,0.130966,65.0,65.0,4225.0,1945.0,69379.0,28937.0,,,,,,,8.0,,,,,,,,,,,,
106,lissajous,6.0,60.0,UPLOAD_FAILED,,,2026-02-13T07:28:57.655573,,,,,,,,,,,,,,,,,,10.0,,,,,,,,,,,,,,,,2.0,3.0,4.0
107,star,2.5,65.0,SUCCESS,,,2026-02-13T07:34:40.139446,1.6,1.09,0.719,0.0,1.6,308.8,11.53,27.11,1.113,0.031277,0.129441,65.0,65.0,4225.0,1871.0,79116.0,29377.0,,,,,,,,,,,16.0,7.4,7.0,,,,,,
108,ellipse,5.0,45.0,SUCCESS,,,2026-02-13T07:36:46.063124,1.6,1.097,0.72,0.0,1.6,302.9,9.58,25.33,0.5774,0.031102,0.129525,65.0,65.0,4225.0,1911.0,69437.0,29039.0,,,3.0,,12.0,7.9,,,,,,,,,,,,,
109,circular,6.5,50.0,SUCCESS,4.0,,2026-02-13T07:39:22.722383,1.6,1.096,0.713,0.0,1.6,298.0,13.6,30.88,0.5774,0.029359,0.125797,65.0,65.0,4225.0,1873.0,80661.0,30735.0,,,4.0,,,,,,,,,,,,,,,,
110,square,4.0,75.0,SUCCESS,,1.0,2026-02-13T07:40:23.200345,1.6,1.099,0.712,0.0,1.6,316.4,14.08,31.53,0.5774,0.029229,0.125668,65.0,65.0,4225.0,1889.0,82963.0,30810.0,,,,,,,20.0,,,,,,,,,,,,
111,square,6.0,75.0,SUCCESS,,1.0,2026-02-13T07:41:55.661069,1.6,1.089,0.718,0.0,1.6,288.8,11.63,27.78,0.5774,0.031112,0.129339,65.0,65.0,4225.0,1890.0,72665.0,29059.0,,,,,,,12.0,,,,,,,,,,,,
112,spiral,6.5,65.0,SUCCESS,,,2026-02-13T07:42:23.315568,1.6,1.099,0.709,0.0,1.6,293.7,14.62,32.03,0.5774,0.02964,0.126529,65.0,65.0,4225.0,1880.0,80447.0,30354.0,,,4.0,11.0,,,,,,,,,,,,,,,
113,lissajous,5.0,60.0,FAILED,,,2026-02-13T07:44:41.751251,,,,,,,,,,,,,,,,,,8.0,,,,,,,,,,,,,,,,1.0,3.0,4.0
114,zigzag,2.0,70.0,SUCCESS,,,2026-02-13T07:47:04.344335,1.6,1.093,0.721,0.0,1.6,310.1,10.4,25.74,0.5774,0.030652,0.128289,65.0,65.0,4225.0,1898.0,78693.0,29519.0,,,,,,,,10.0,22.0,7.0,,,,,,,,,
115,spiral,4.0,70.0,SUCCESS,,,2026-02-13T07:48:20.653106,1.6,1.088,0.726,0.0,1.6,255.0,7.69,21.43,0.5774,0.03223,0.132214,65.0,65.0,4225.0,1963.0,69332.0,29005.0,,,2.0,11.0,,,,,,,,,,,,,,,
116,zigzag,4.0,60.0,SUCCESS,,,2026-02-13T07:49:04.717964,1.6,1.093,0.719,0.0,1.6,306.0,11.05,27.12,0.5774,0.030316,0.127885,65.0,65.0,4225.0,1890.0,74843.0,29686.0,,,,,,,,14.0,26.0,5.0,,,,,,,,,
117,circular,2.5,65.0,SUCCESS,7.0,,2026-02-13T07:51:09.033448,1.6,1.087,0.718,0.0,1.6,274.4,12.39,28.98,0.5774,0.030465,0.128298,65.0,65.0,4225.0,1918.0,72918.0,29471.0,,,3.0,,,,,,,,,,,,,,,,
118,lissajous,7.0,75.0,SUCCESS,,,2026-02-13T07:54:55.315668,1.6,1.098,0.723,0.0,1.6,274.4,8.51,22.65,0.5774,0.030602,0.12898,65.0,65.0,4225.0,1931.0,71920.0,29148.0,12.0,,,,,,,,,,,,,,,,3.0,5.0,3.0
119,circular,5.5,60.0,FAILED,6.0,,2026-02-13T08:02:36.148497,,,,,,,,,,,,,,,,,,,,4.0,,,,,,,,,,,,,,,,
120,spiral,5.5,60.0,SUCCESS,,,2026-02-13T08:07:07.637079,1.6,1.09,0.715,0.0,1.6,301.6,13.67,31.13,0.5774,0.029926,0.126437,65.0,65.0,4225.0,1853.0,78672.0,30525.0,,,5.0,13.0,,,,,,,,,,,,,,,
121,rose,6.0,65.0,TIMEOUT,,,2026-02-13T08:22:34.091548,,,,,,,,,,,,,,,,,,10.0,6.0,1.0,,,,,,,,,,,,,,,,
122,figure8,5.5,50.0,FAILED,,,2026-02-13T08:27:02.519157,,,,,,,,,,,,,,,,,,14.0,,,,,,,,,,,,,1.0,,,,,
123,concentric,1.0,70.0,SUCCESS,,,2026-02-13T08:29:08.505996,1.6,1.081,0.739,0.0,1.6,265.2,4.09,14.26,0.5774,0.031604,0.13073,65.0,65.0,4225.0,1961.0,59855.0,28424.0,,,,14.0,,,,,,,,,,,2.0,7.0,,,
124,star,2.0,75.0,SUCCESS,,,2026-02-13T08:32:01.122964,1.6,1.1,0.722,0.0,1.6,287.7,8.3,23.14,0.5774,0.031089,0.129689,65.0,65.0,4225.0,1935.0,67785.0,28871.0,,,,,,,,,,,14.0,6.3,7.0,,,,,,
125,concentric,6.0,55.0,SUCCESS,,,2026-02-13T08:34:38.041749,1.6,1.097,0.713,0.0,1.6,318.9,13.87,31.33,0.5774,0.029327,0.125792,65.0,65.0,4225.0,1881.0,81864.0,30743.0,,,,6.0,,,,,,,,,,,2.0,4.0,,,
126,figure8,2.0,75.0,FAILED,,,2026-02-13T08:38:33.387231,,,,,,,,,,,,,,,,,,12.0,,,,,,,,,,,,,1.0,,,,,
127,rose,2.5,55.0,SUCCESS,,,2026-02-13T08:44:56.868518,1.6,1.096,0.723,0.0,1.6,283.7,8.78,23.26,0.5774,0.030905,0.129394,65.0,65.0,4225.0,1923.0,70858.0,28969.0,10.0,6.0,3.0,,,,,,,,,,,,,,,,
128,circular,1.0,70.0,SUCCESS,5.0,,2026-02-13T08:45:56.859855,1.6,1.094,0.732,0.0,1.6,241.1,5.03,16.15,0.5774,0.032684,0.133281,65.0,65.0,4225.0,1951.0,63216.0,28804.0,,,1.0,,,,,,,,,,,,,,,,
129,concentric,6.5,60.0,SUCCESS,,,2026-02-13T08:47:13.449261,1.6,1.092,0.715,0.0,1.6,319.1,13.86,31.16,0.5774,0.029679,0.126105,65.0,65.0,4225.0,1866.0,81459.0,30607.0,,,,7.0,,,,,,,,,,,3.0,6.0,,,
130,zigzag,4.0,75.0,UPLOAD_FAILED,,,2026-02-13T08:47:38.298447,,,,,,,,,,,,,,,,,,,,,,,,,26.0,18.0,3.0,,,,,,,,,
131,hexagon,4.0,75.0,SUCCESS,5.0,3.0,2026-02-13T08:49:51.204244,1.6,1.097,0.72,0.0,1.6,277.3,10.38,25.52,0.5774,0.029584,0.126706,65.0,65.0,4225.0,1915.0,78280.0,30264.0,,,,,,,,,,,,,,,,,,,
132,rose,4.0,40.0,SUCCESS,,,2026-02-13T08:51:08.007629,1.6,1.098,0.715,0.0,1.6,278.5,12.12,28.63,0.5774,0.029341,0.12612,65.0,65.0,4225.0,1897.0,78400.0,30558.0,12.0,2.0,1.0,,,,,,,,,,,,,,,,
133,circular,4.5,45.0,UPLOAD_FAILED,9.0,,2026-02-13T08:51:32.722380,,,,,,,,,,,,,,,,,,,,2.0,,,,,,,,,,,,,,,,
134,spiral,5.5,50.0,FAILED,,,2026-02-13T08:56:09.219588,,,,,,,,,,,,,,,,,,,,2.0,13.0,,,,,,,,,,,,,,,
135,star,1.0,50.0,SUCCESS,,,2026-02-13T08:58:30.614222,1.6,1.096,0.727,0.0,1.6,286.4,6.66,19.71,0.5774,0.031606,0.130919,65.0,65.0,4225.0,1950.0,63288.0,29109.0,,,,,,,,,,,16.0,7.3,4.0,,,,,,
136,lissajous,3.5,50.0,UPLOAD_FAILED,,,2026-02-13T08:58:55.174150,,,,,,,,,,,,,,,,,,10.0,,,,,,,,,,,,,,,,4.0,2.0,4.0
137,figure8,5.0,75.0,FAILED,,,2026-02-13T09:02:11.579333,,,,,,,,,,,,,,,,,,14.0,,,,,,,,,,,,,2.0,,,,,
138,hexagon,5.0,45.0,TIMEOUT,4.0,2.0,2026-02-13T09:17:40.428809,,,,,,,,,,,,,,,,,,,,,,,,,,,,,,,,,,,,
139,circular,6.0,50.0,FAILED,13.0,,2026-02-13T09:27:02.191703,,,,,,,,,,,,,,,,,,,,2.0,,,,,,,,,,,,,,,,
140,circular,6.5,55.0,SUCCESS,4.0,,2026-02-13T09:28:20.385880,1.6,1.102,0.707,0.0,1.6,316.4,15.66,33.91,0.5774,0.028817,0.12496,65.0,65.0,4225.0,1884.0,84223.0,31167.0,,,1.0,,,,,,,,,,,,,,,,
141,spiral,2.0,60.0,UPLOAD_FAILED,,,2026-02-13T09:28:44.936303,,,,,,,,,,,,,,,,,,,,5.0,11.0,,,,,,,,,,,,,,,
142,spiral_inward,7.5,55.0,SUCCESS,,,2026-02-13T09:30:26.476568,1.6,1.101,0.701,0.0,1.6,334.9,19.67,39.99,0.5774,0.028723,0.124552,65.0,65.0,4225.0,1845.0,89093.0,31390.0,,,4.0,8.0,,,,,,,,,,,,,,,
143,ellipse,5.0,65.0,UPLOAD_FAILED,,,2026-02-13T09:30:52.507802,,,,,,,,,,,,,,,,,,,,3.0,,14.0,11.8,,,,,,,,,,,,,
144,square,5.5,65.0,FAILED,,3.0,2026-02-13T09:34:57.120846,,,,,,,,,,,,,,,,,,,,,,,,14.0,,,,,,,,,,,,
145,concentric,5.0,55.0,DOWNLOAD_FAILED,,,2026-02-13T09:36:14.556572,,,,,,,,,,,,,,,,,,,,,8.0,,,,,,,,,,,2.0,6.0,,,
146,spiral_inward,5.0,55.0,SUCCESS,,,2026-02-13T09:39:56.753931,1.6,1.104,0.712,0.0,1.6,303.9,13.3,30.51,0.5774,0.02894,0.125387,65.0,65.0,4225.0,1913.0,82842.0,30942.0,,,4.0,13.0,,,,,,,,,,,,,,,
147,spiral_inward,3.0,50.0,UPLOAD_FAILED,,,2026-02-13T09:40:21.257698,,,,,,,,,,,,,,,,,,,,3.0,9.0,,,,,,,,,,,,,,,
148,concentric,2.5,65.0,SUCCESS,,,2026-02-13T09:41:30.834065,1.6,1.093,0.728,0.0,1.6,255.8,7.12,19.84,0.5774,0.031277,0.130119,65.0,65.0,4225.0,1926.0,69046.0,28609.0,,,,9.0,,,,,,,,,,,5.0,6.0,,,
149,hexagon,4.0,70.0,SUCCESS,4.0,1.0,2026-02-13T09:42:31.262591,1.6,1.102,0.716,0.0,1.6,271.9,11.14,26.81,0.5774,0.029071,0.125822,65.0,65.0,4225.0,1924.0,80305.0,30715.0,,,,,,,,,,,,,,,,,,,
150,square,4.0,55.0,SUCCESS,,2.0,2026-02-13T09:45:08.704555,1.6,1.099,0.718,0.0,1.6,276.7,10.51,25.55,0.5774,0.029958,0.12752,65.0,65.0,4225.0,1918.0,77669.0,29857.0,,,,,,,8.0,,,,,,,,,,,,
151,ellipse,3.0,75.0,FAILED,,,2026-02-13T09:50:57.980461,,,,,,,,,,,,,,,,,,,,1.0,,12.0,7.8,,,,,,,,,,,,,
152,ellipse,1.0,65.0,SUCCESS,,,2026-02-13T09:53:52.174265,1.6,1.096,0.73,0.0,1.6,255.7,5.57,17.57,0.5774,0.032777,0.133422,65.0,65.0,4225.0,1951.0,63402.0,28950.0,,,2.0,,8.0,4.8,,,,,,,,,,,,,
153,zigzag,4.0,55.0,SUCCESS,,,2026-02-13T09:55:26.460914,1.6,1.088,0.719,0.0,1.6,265.3,11.55,27.61,0.5774,0.030445,0.128385,65.0,65.0,4225.0,1930.0,73507.0,29431.0,,,,,,,,10.0,26.0,7.0,,,,,,,,,
154,hexagon,7.5,50.0,FAILED,16.0,1.0,2026-02-13T09:58:17.816836,,,,,,,,,,,,,,,,,,,,,,,,,,,,,,,,,,,,
155,spiral_inward,8.0,55.0,SUCCESS,,,2026-02-13T09:59:51.966023,1.6,1.1,0.7,0.0,1.6,326.8,20.04,40.39,0.5774,0.028758,0.124521,65.0,65.0,4225.0,1832.0,89757.0,31410.0,,,2.0,10.0,,,,,,,,,,,,,,,
156,spiral,5.0,75.0,UPLOAD_FAILED,,,2026-02-13T10:00:18.542766,,,,,,,,,,,,,,,,,,,,4.0,8.0,,,,,,,,,,,,,,,
157,star,2.0,65.0,SUCCESS,,,2026-02-13T10:01:44.120325,1.6,1.101,0.721,0.0,1.6,269.0,8.27,22.82,0.5774,0.031022,0.129762,65.0,65.0,4225.0,1940.0,68394.0,28796.0,,,,,,,,,,,12.0,5.6,5.0,,,,,,
158,square,8.0,60.0,SUCCESS,,1.0,2026-02-13T10:03:33.057208,1.6,1.093,0.703,0.0,1.6,317.0,18.28,37.26,0.5774,0.029414,0.125586,65.0,65.0,4225.0,1827.0,83177.0,30865.0,,,,,,,14.0,,,,,,,,,,,,
159,zigzag,3.5,65.0,FAILED,,,2026-02-13T10:08:17.874517,,,,,,,,,,,,,,,,,,,,,,,,,26.0,18.0,5.0,,,,,,,,,
160,star,6.5,75.0,SUCCESS,,,2026-02-13T10:09:36.185202,1.6,1.098,0.71,0.0,1.6,289.4,15.03,33.03,0.5774,0.029216,0.1256,65.0,65.0,4225.0,1871.0,82700.0,30833.0,,,,,,,,,,,8.0,4.3,8.0,,,,,,
161,hexagon,7.5,40.0,SUCCESS,6.0,3.0,2026-02-13T10:11:41.368046,1.6,1.097,0.708,0.0,1.6,316.7,16.21,34.81,0.5774,0.029256,0.125414,65.0,65.0,4225.0,1860.0,84400.0,30965.0,,,,,,,,,,,,,,,,,,,
162,ellipse,4.0,60.0,SUCCESS,,,2026-02-13T10:13:47.217660,1.6,1.098,0.717,0.0,1.6,287.0,11.17,26.94,0.5774,0.02945,0.126339,65.0,65.0,4225.0,1909.0,78837.0,30451.0,,,2.0,,8.0,4.1,,,,,,,,,,,,,
163,concentric,2.5,65.0,SUCCESS,,,2026-02-13T10:23:42.940880,1.6,1.077,0.731,0.0,1.6,343.3,7.57,21.03,1.026,0.032239,0.132146,65.0,65.0,4225.0,1923.0,68119.0,28776.0,,,,14.0,,,,,,,,,,,2.0,6.0,,,
164,lissajous,2.5,60.0,FAILED,,,2026-02-13T10:32:46.054748,,,,,,,,,,,,,,,,,,14.0,,,,,,,,,,,,,,,,4.0,4.0,2.0
165,square,6.5,40.0,SUCCESS,,1.0,2026-02-13T10:34:04.336333,1.6,1.099,0.706,0.0,1.6,299.0,15.74,33.73,0.5774,0.029426,0.126023,65.0,65.0,4225.0,1868.0,81456.0,30614.0,,,,,,,12.0,,,,,,,,,,,,
166,spiral,3.0,60.0,SUCCESS,,,2026-02-13T10:35:53.955560,1.6,1.098,0.721,0.0,1.6,272.4,9.53,24.38,0.5774,0.0302,0.128066,65.0,65.0,4225.0,1924.0,74220.0,29587.0,,,2.0,8.0,,,,,,,,,,,,,,,
167,square,6.0,40.0,SUCCESS,,1.0,2026-02-13T10:37:11.353741,1.6,1.103,0.708,0.0,1.6,319.8,14.9,32.61,0.5774,0.029086,0.125554,65.0,65.0,4225.0,1890.0,82589.0,30856.0,,,,,,,8.0,,,,,,,,,,,,
168,figure8,4.0,65.0,FAILED,,,2026-02-13T10:40:03.904697,,,,,,,,,,,,,,,,,,12.0,,,,,,,,,,,,,1.0,,,,,
169,lissajous,1.0,60.0,SUCCESS,,,2026-02-13T10:43:31.359629,1.6,1.091,0.737,0.0,1.6,259.0,3.86,13.19,0.5774,0.031682,0.131259,65.0,65.0,4225.0,1951.0,64689.0,28090.0,10.0,,,,,,,,,,,,,,,,2.0,5.0,2.0
170,star,2.5,70.0,SUCCESS,,,2026-02-13T10:45:20.692773,1.6,1.1,0.721,0.0,1.6,265.4,8.9,23.31,0.5774,0.030428,0.128684,65.0,65.0,4225.0,1935.0,73011.0,29290.0,,,,,,,,,,,8.0,3.4,8.0,,,,,,
171,concentric,4.0,65.0,SUCCESS,,,2026-02-13T10:47:43.185392,1.6,1.098,0.718,0.0,1.6,287.5,10.88,26.46,0.5774,0.029422,0.126347,65.0,65.0,4225.0,1913.0,78266.0,30446.0,,,,6.0,,,,,,,,,,,2.0,5.0,,,
172,spiral_inward,4.0,70.0,SUCCESS,,,2026-02-13T10:53:02.357556,1.6,1.101,0.718,0.0,1.6,287.5,10.63,25.9,0.5774,0.029478,0.126585,65.0,65.0,4225.0,1926.0,80221.0,30325.0,,,4.0,13.0,,,,,,,,,,,,,,,
173,zigzag,6.5,65.0,FAILED,,,2026-02-13T10:57:31.358465,,,,,,,,,,,,,,,,,,,,,,,,,26.0,26.0,5.0,,,,,,,,,
174,square,2.5,65.0,SUCCESS,,3.0,2026-02-13T11:03:56.037169,1.6,1.089,0.724,0.0,1.6,284.1,8.71,23.29,0.5774,0.03136,0.130232,65.0,65.0,4225.0,1919.0,68712.0,28594.0,,,,,,,20.0,,,,,,,,,,,,
175,spiral,5.5,50.0,FAILED,,,2026-02-13T11:07:20.698053,,,,,,,,,,,,,,,,,,,,4.0,15.0,,,,,,,,,,,,,,,
176,concentric,4.0,75.0,SUCCESS,,,2026-02-13T11:11:21.178397,1.6,1.098,0.718,0.0,1.6,289.1,11.12,26.9,0.5774,0.029428,0.126305,65.0,65.0,4225.0,1908.0,78676.0,30470.0,,,,7.0,,,,,,,,,,,3.0,5.0,,,
177,square,2.5,75.0,SUCCESS,,3.0,2026-02-13T11:17:44.090095,1.6,1.093,0.723,0.0,1.6,274.5,8.6,22.98,0.5774,0.031304,0.130112,65.0,65.0,4225.0,1923.0,69449.0,28619.0,,,,,,,18.0,,,,,,,,,,,,
178,ellipse,4.5,55.0,SUCCESS,,,2026-02-13T11:20:05.773951,1.6,1.097,0.717,0.0,1.6,295.3,11.54,27.53,0.5774,0.029594,0.126524,65.0,65.0,4225.0,1901.0,79106.0,30362.0,,,2.0,,8.0,5.6,,,,,,,,,,,,,
179,concentric,6.0,75.0,FAILED,,,2026-02-13T11:27:47.913110,,,,,,,,,,,,,,,,,,,,,16.0,,,,,,,,,,,4.0,5.0,,,
180,spiral,6.0,50.0,FAILED,,,2026-02-13T11:30:57.593981,,,,,,,,,,,,,,,,,,,,4.0,15.0,,,,,,,,,,,,,,,
181,square,8.0,60.0,FAILED,,1.0,2026-02-13T11:33:50.029551,,,,,,,,,,,,,,,,,,,,,,,,18.0,,,,,,,,,,,,
182,square,1.0,40.0,SUCCESS,,2.0,2026-02-13T11:35:56.094435,1.6,1.095,0.731,0.0,1.6,241.1,5.02,15.81,0.5774,0.033737,0.135273,65.0,65.0,4225.0,1951.0,62860.0,29074.0,,,,,,,10.0,,,,,,,,,,,,
183,spiral,6.0,70.0,FAILED,,,2026-02-13T11:39:19.710374,,,,,,,,,,,,,,,,,,,,5.0,14.0,,,,,,,,,,,,,,,
184,circular,7.5,65.0,SUCCESS,7.0,,2026-02-13T11:40:53.447166,1.6,1.093,0.711,0.0,1.6,320.5,15.09,32.98,0.5774,0.02966,0.125938,65.0,65.0,4225.0,1850.0,82283.0,30719.0,,,2.0,,,,,,,,,,,,,,,,
185,ellipse,6.5,50.0,FAILED,,,2026-02-13T11:46:26.190834,,,,,,,,,,,,,,,,,,,,2.0,,12.0,9.4,,,,,,,,,,,,,
186,square,6.0,55.0,SUCCESS,,1.0,2026-02-13T11:48:01.195228,1.6,1.093,0.709,0.0,1.6,305.3,14.82,32.34,0.5774,0.030033,0.127073,65.0,65.0,4225.0,1866.0,78631.0,30100.0,,,,,,,16.0,,,,,,,,,,,,
187,hexagon,6.0,75.0,FAILED,15.0,1.0,2026-02-13T11:54:06.676951,,,,,,,,,,,,,,,,,,,,,,,,,,,,,,,,,,,,
188,rose,3.5,60.0,SUCCESS,,,2026-02-13T11:56:29.140981,1.6,1.101,0.717,0.0,1.6,279.7,10.61,26.1,0.5774,0.02922,0.126111,65.0,65.0,4225.0,1925.0,78480.0,30567.0,6.0,6.0,3.0,,,,,,,,,,,,,,,,
189,square,5.5,70.0,SUCCESS,,1.0,2026-02-13T11:58:02.436913,1.6,1.091,0.712,0.0,1.6,293.2,14.1,31.26,0.5774,0.030334,0.127652,65.0,65.0,4225.0,1869.0,76346.0,29836.0,,,,,,,18.0,,,,,,,,,,,,
190,rose,3.5,65.0,SUCCESS,,,2026-02-13T11:59:51.343969,1.6,1.097,0.717,0.0,1.6,277.9,11.07,27.14,0.5774,0.030188,0.127842,65.0,65.0,4225.0,1904.0,74828.0,29714.0,12.0,6.0,1.0,,,,,,,,,,,,,,,,
191,concentric,1.5,65.0,SUCCESS,,,2026-02-13T12:03:17.665770,1.6,1.097,0.728,0.0,1.6,254.4,6.19,18.51,0.5774,0.031461,0.130782,65.0,65.0,4225.0,1950.0,66543.0,28471.0,,,,8.0,,,,,,,,,,,4.0,3.0,,,
192,zigzag,2.5,65.0,SUCCESS,,,2026-02-13T12:06:28.727949,1.6,1.097,0.72,0.0,1.6,256.0,8.99,23.72,0.5774,0.030612,0.129011,65.0,65.0,4225.0,1940.0,71577.0,29170.0,,,,,,,,14.0,14.0,9.0,,,,,,,,,
193,zigzag,8.0,50.0,SUCCESS,,,2026-02-13T12:08:49.813895,1.6,1.081,0.705,0.0,1.6,302.6,19.08,38.15,0.5774,0.030089,0.126488,65.0,65.0,4225.0,1820.0,77744.0,30457.0,,,,,,,,18.0,22.0,3.0,,,,,,,,,
194,star,1.0,60.0,SUCCESS,,,2026-02-13T12:10:55.287924,1.6,1.097,0.728,0.0,1.6,262.8,6.12,19.1,0.5774,0.031943,0.131735,65.0,65.0,4225.0,1951.0,62383.0,28871.0,,,,,,,,,,,14.0,6.4,5.0,,,,,,
195,spiral_inward,6.0,70.0,SUCCESS,,,2026-02-13T12:13:48.820099,1.6,1.104,0.707,0.0,1.6,313.0,15.42,33.68,0.5774,0.029047,0.125356,65.0,65.0,4225.0,1892.0,84806.0,30956.0,,,3.0,12.0,,,,,,,,,,,,,,,
196,hexagon,5.5,65.0,UPLOAD_FAILED,9.0,1.0,2026-02-13T12:14:15.061570,,,,,,,,,,,,,,,,,,,,,,,,,,,,,,,,,,,,
197,spiral,5.5,60.0,SUCCESS,,,2026-02-13T12:14:51.886691,1.6,1.096,0.713,0.0,1.6,295.7,13.34,30.49,0.5774,0.029643,0.126472,65.0,65.0,4225.0,1878.0,80305.0,30392.0,,,5.0,16.0,,,,,,,,,,,,,,,
198,star,3.5,75.0,FAILED,,,2026-02-13T12:19:36.403651,,,,,,,,,,,,,,,,,,,,,,,,,,,,8.0,2.7,4.0,,,,,,
199,hexagon,1.5,65.0,TIMEOUT,16.0,1.0,2026-02-13T12:35:05.251319,,,,,,,,,,,,,,,,,,,,,,,,,,,,,,,,,,,,
200,circular,5.5,60.0,FAILED,7.0,,2026-02-13T12:47:22.052646,,,,,,,,,,,,,,,,,,,,3.0,,,,,,,,,,,,,,,,
201,figure8,8.0,45.0,SUCCESS,,,2026-02-13T12:48:56.284079,1.6,1.098,0.708,0.0,1.6,317.8,16.48,35.36,0.5774,0.029274,0.125432,65.0,65.0,4225.0,1865.0,85125.0,30960.0,6.0,,,,,,,,,,,,,2.0,,,,,
202,lissajous,4.0,75.0,SUCCESS,,,2026-02-13T12:54:15.235208,1.6,1.09,0.727,0.0,1.6,270.3,8.34,22.43,0.5774,0.031139,0.129567,65.0,65.0,4225.0,1907.0,72965.0,28881.0,8.0,,,,,,,,,,,,,,,,2.0,4.0,2.0
203,spiral_inward,5.5,65.0,UPLOAD_FAILED,,,2026-02-13T12:54:40.398812,,,,,,,,,,,,,,,,,,,,5.0,16.0,,,,,,,,,,,,,,,
204,zigzag,8.0,50.0,SUCCESS,,,2026-02-13T12:56:21.776235,1.6,1.09,0.705,0.0,1.6,315.9,17.76,36.68,0.5774,0.029214,0.125266,65.0,65.0,4225.0,1849.0,82494.0,31022.0,,,,,,,,18.0,14.0,7.0,,,,,,,,,
205,star,2.0,60.0,FAILED,,,2026-02-13T13:02:10.905703,,,,,,,,,,,,,,,,,,,,,,,,,,,,16.0,9.0,7.0,,,,,,
206,circular,3.5,65.0,FAILED,15.0,,2026-02-13T13:09:55.871525,,,,,,,,,,,,,,,,,,,,2.0,,,,,,,,,,,,,,,,
207,zigzag,3.0,70.0,SUCCESS,,,2026-02-13T13:14:43.419486,1.6,1.1,0.716,0.0,1.6,271.6,10.68,26.15,0.5774,0.030186,0.127819,65.0,65.0,4225.0,1918.0,73039.0,29732.0,,,,,,,,26.0,10.0,7.0,,,,,,,,,
208,zigzag,2.0,70.0,SUCCESS,,,2026-02-13T13:16:16.435755,1.6,1.096,0.722,0.0,1.6,259.6,8.02,21.97,0.5774,0.032028,0.131881,65.0,65.0,4225.0,1955.0,69543.0,29109.0,,,,,,,,14.0,10.0,3.0,,,,,,,,,
209,hexagon,1.5,60.0,UPLOAD_FAILED,15.0,2.0,2026-02-13T13:16:41.266943,,,,,,,,,,,,,,,,,,,,,,,,,,,,,,,,,,,,
210,zigzag,6.0,75.0,SUCCESS,,,2026-02-13T13:18:06.752468,1.6,1.097,0.71,0.0,1.6,302.1,14.31,31.98,0.5774,0.029362,0.125964,65.0,65.0,4225.0,1903.0,80358.0,30649.0,,,,,,,,10.0,14.0,7.0,,,,,,,,,
211,figure8,5.0,40.0,SUCCESS,,,2026-02-13T13:20:27.488141,1.6,1.099,0.717,0.0,1.6,315.6,11.57,27.37,1.212,0.029752,0.127163,65.0,65.0,4225.0,1910.0,80548.0,30565.0,10.0,,,,,,,,,,,,,2.0,,,,,
212,hexagon,7.0,45.0,FAILED,13.0,1.0,2026-02-13T13:25:12.111825,,,,,,,,,,,,,,,,,,,,,,,,,,,,,,,,,,,,
213,square,2.0,75.0,SUCCESS,,2.0,2026-02-13T13:27:50.277925,1.6,1.098,0.725,0.0,1.6,265.6,7.17,20.02,0.5774,0.031568,0.130994,65.0,65.0,4225.0,1945.0,68646.0,28759.0,,,,,,,10.0,,,,,,,,,,,,
214,spiral_inward,1.0,70.0,SUCCESS,,,2026-02-13T13:30:11.509421,1.6,1.094,0.733,0.0,1.6,246.1,4.79,15.89,0.5774,0.032432,0.13278,65.0,65.0,4225.0,1951.0,64888.0,28571.0,,,2.0,10.0,,,,,,,,,,,,,,,
215,circular,4.0,70.0,FAILED,13.0,,2026-02-13T13:34:39.123387,,,,,,,,,,,,,,,,,,,,2.0,,,,,,,,,,,,,,,,
216,figure8,6.5,45.0,FAILED,,,2026-02-13T13:37:02.279864,,,,,,,,,,,,,,,,,,8.0,,,,,,,,,,,,,2.0,,,,,
217,concentric,3.0,65.0,FAILED,,,2026-02-13T13:44:58.619509,,,,,,,,,,,,,,,,,,,,,12.0,,,,,,,,,,,2.0,3.0,,,
218,square,6.0,65.0,SUCCESS,,3.0,2026-02-13T13:48:33.006662,1.6,1.098,0.713,0.0,1.6,316.1,13.01,29.52,0.5774,0.02971,0.126645,65.0,65.0,4225.0,1890.0,80815.0,30305.0,,,,,,,8.0,,,,,,,,,,,,
219,lissajous,8.0,55.0,SUCCESS,,,2026-02-13T13:50:43.853233,1.6,1.097,0.704,0.0,1.6,327.5,18.93,38.77,0.5774,0.029124,0.125152,65.0,65.0,4225.0,1839.0,87882.0,31115.0,6.0,,,,,,,,,,,,,,,,3.0,4.0,2.0
220,star,3.0,55.0,SUCCESS,,,2026-02-13T13:52:52.989154,1.6,1.094,0.72,0.0,1.6,311.7,9.93,25.58,0.6567,0.030807,0.128935,65.0,65.0,4225.0,1901.0,71588.0,29332.0,,,,,,,,,,,14.0,8.0,7.0,,,,,,
221,concentric,7.5,65.0,FAILED,,,2026-02-13T13:55:13.501467,,,,,,,,,,,,,,,,,,,,,14.0,,,,,,,,,,,2.0,3.0,,,
222,spiral_inward,4.0,65.0,SUCCESS,,,2026-02-13T14:01:49.881274,1.6,1.098,0.72,0.0,1.6,282.6,10.17,25.1,0.5774,0.029973,0.127431,65.0,65.0,4225.0,1921.0,79386.0,29906.0,,,3.0,16.0,,,,,,,,,,,,,,,
223,figure8,3.0,60.0,UPLOAD_FAILED,,,2026-02-13T14:02:15.632541,,,,,,,,,,,,,,,,,,12.0,,,,,,,,,,,,,2.0,,,,,
224,spiral,6.5,55.0,UPLOAD_FAILED,,,2026-02-13T14:02:17.216689,,,,,,,,,,,,,,,,,,,,4.0,14.0,,,,,,,,,,,,,,,
225,circular,4.0,70.0,FAILED,10.0,,2026-02-13T14:08:41.504300,,,,,,,,,,,,,,,,,,,,3.0,,,,,,,,,,,,,,,,
226,zigzag,1.0,60.0,SUCCESS,,,2026-02-13T14:11:26.342086,1.6,1.087,0.73,0.0,1.6,242.5,6.13,19.23,0.5774,0.033986,0.135667,65.0,65.0,4225.0,1973.0,64686.0,29181.0,,,,,,,,18.0,18.0,5.0,,,,,,,,,
227,circular,1.0,65.0,SUCCESS,13.0,,2026-02-13T14:16:21.709061,1.6,1.096,0.729,0.0,1.6,268.7,5.9,18.31,0.5774,0.032044,0.131745,65.0,65.0,4225.0,1948.0,62781.0,28628.0,,,2.0,,,,,,,,,,,,,,,,
228,star,3.0,60.0,FAILED,,,2026-02-13T14:20:08.227734,,,,,,,,,,,,,,,,,,,,,,,,,,,,14.0,6.7,4.0,,,,,,
229,hexagon,3.0,75.0,SUCCESS,7.0,1.0,2026-02-13T14:21:13.408540,1.6,1.099,0.72,0.0,1.6,267.2,9.64,24.52,0.5774,0.030121,0.127974,65.0,65.0,4225.0,1924.0,75491.0,29633.0,,,,,,,,,,,,,,,,,,,
230,lissajous,1.5,65.0,FAILED,,,2026-02-13T14:28:36.073922,,,,,,,,,,,,,,,,,,14.0,,,,,,,,,,,,,,,,2.0,3.0,3.0
231,circular,7.5,65.0,SUCCESS,5.0,,2026-02-13T14:30:14.483375,1.6,1.096,0.711,0.0,1.6,320.4,15.15,33.17,0.5774,0.029341,0.125666,65.0,65.0,4225.0,1863.0,83331.0,30827.0,,,2.0,,,,,,,,,,,,,,,,
232,hexagon,3.5,60.0,SUCCESS,9.0,1.0,2026-02-13T14:31:18.011588,1.6,1.097,0.72,0.0,1.6,276.3,10.13,25.37,0.5774,0.030367,0.128289,65.0,65.0,4225.0,1911.0,74642.0,29480.0,,,,,,,,,,,,,,,,,,,
233,rose,5.5,75.0,SUCCESS,,,2026-02-13T14:33:10.660711,1.6,1.099,0.713,0.0,1.6,303.8,13.28,30.41,0.5774,0.02921,0.125703,65.0,65.0,4225.0,1892.0,81523.0,30779.0,6.0,3.0,2.0,,,,,,,,,,,,,,,,
234,figure8,2.5,70.0,SUCCESS,,,2026-02-13T14:34:49.577384,1.6,1.096,0.728,0.0,1.6,273.5,7.11,20.15,0.5774,0.03051,0.128745,65.0,65.0,4225.0,1941.0,72170.0,29320.0,8.0,,,,,,,,,,,,,1.0,,,,,
235,circular,4.5,50.0,UPLOAD_FAILED,10.0,,2026-02-13T14:35:15.493733,,,,,,,,,,,,,,,,,,,,4.0,,,,,,,,,,,,,,,,
236,lissajous,4.5,50.0,SUCCESS,,,2026-02-13T14:37:01.161882,1.6,1.095,0.72,0.0,1.6,286.3,10.21,24.74,0.5774,0.030304,0.128096,65.0,65.0,4225.0,1905.0,76953.0,29569.0,8.0,,,,,,,,,,,,,,,,3.0,4.0,3.0
237,concentric,5.0,60.0,FAILED,,,2026-02-13T14:51:33.252962,,,,,,,,,,,,,,,,,,,,,16.0,,,,,,,,,,,4.0,6.0,,,
238,star,4.5,55.0,UPLOAD_FAILED,,,2026-02-13T14:52:02.398601,,,,,,,,,,,,,,,,,,,,,,,,,,,,12.0,4.5,5.0,,,,,,
239,concentric,3.5,55.0,SUCCESS,,,2026-02-13T14:52:58.253396,1.6,1.096,0.714,0.0,1.6,284.4,12.61,29.36,0.5774,0.029526,0.126388,65.0,65.0,4225.0,1886.0,78719.0,30431.0,,,,8.0,,,,,,,,,,,2.0,7.0,,,
240,square,4.0,75.0,SUCCESS,,1.0,2026-02-13T14:54:35.790656,1.6,1.096,0.721,0.0,1.6,287.3,9.9,25.1,0.5774,0.030269,0.127991,65.0,65.0,4225.0,1913.0,74406.0,29625.0,,,,,,,16.0,,,,,,,,,,,,
241,concentric,6.5,75.0,SUCCESS,,,2026-02-13T14:55:39.058724,1.6,1.095,0.717,0.0,1.6,273.2,11.45,27.18,0.5774,0.030688,0.128806,65.0,65.0,4225.0,1901.0,73816.0,29229.0,,,,11.0,,,,,,,,,,,5.0,6.0,,,
242,circular,7.5,60.0,FAILED,13.0,,2026-02-13T15:01:33.378462,,,,,,,,,,,,,,,,,,,,4.0,,,,,,,,,,,,,,,,
243,figure8,5.5,50.0,FAILED,,,2026-02-13T15:14:06.886717,,,,,,,,,,,,,,,,,,8.0,,,,,,,,,,,,,3.0,,,,,
244,square,2.5,70.0,SUCCESS,,2.0,2026-02-13T15:15:40.612365,1.6,1.098,0.715,0.0,1.6,316.3,12.18,28.31,0.5774,0.029654,0.126401,65.0,65.0,4225.0,1902.0,81021.0,30492.0,,,,,,,18.0,,,,,,,,,,,,
245,spiral_inward,5.0,70.0,SUCCESS,,,2026-02-13T15:19:06.189637,1.6,1.092,0.724,0.0,1.6,276.8,8.55,23.01,0.5774,0.031352,0.130242,65.0,65.0,4225.0,1922.0,68964.0,28560.0,,,3.0,13.0,,,,,,,,,,,,,,,
246,spiral_inward,5.5,60.0,SUCCESS,,,2026-02-13T15:22:48.501961,1.6,1.102,0.713,0.0,1.6,300.9,12.91,29.64,0.5774,0.029161,0.125754,65.0,65.0,4225.0,1910.0,82510.0,30749.0,,,5.0,11.0,,,,,,,,,,,,,,,
247,star,8.0,75.0,SUCCESS,,,2026-02-13T15:26:47.690697,1.6,1.105,0.709,0.0,1.6,313.0,14.63,32.72,0.5774,0.028929,0.125283,65.0,65.0,4225.0,1906.0,84149.0,30995.0,,,,,,,,,,,16.0,8.8,8.0,,,,,,
248,square,4.0,40.0,FAILED,,1.0,2026-02-13T15:29:39.231251,,,,,,,,,,,,,,,,,,,,,,,,20.0,,,,,,,,,,,,
249,square,7.0,45.0,SUCCESS,,2.0,2026-02-13T15:31:13.300923,1.6,1.09,0.717,0.0,1.6,289.3,11.67,27.72,0.5774,0.031005,0.129226,65.0,65.0,4225.0,1893.0,72986.0,29079.0,,,,,,,16.0,,,,,,,,,,,,
250,star,5.0,55.0,SUCCESS,,,2026-02-13T15:33:03.406358,1.6,1.09,0.71,0.0,1.6,315.2,15.2,32.83,0.5774,0.030422,0.12738,65.0,65.0,4225.0,1844.0,79289.0,30051.0,,,,,,,,,,,14.0,5.4,5.0,,,,,,
251,spiral,2.0,50.0,SUCCESS,,,2026-02-13T15:34:04.064014,1.6,1.093,0.713,0.0,1.6,289.5,13.66,31.0,0.9818,0.029645,0.126481,65.0,65.0,4225.0,1864.0,78630.0,30626.0,,,5.0,16.0,,,,,,,,,,,,,,,
252,circular,7.5,75.0,SUCCESS,7.0,,2026-02-13T15:35:37.530620,1.6,1.103,0.718,0.0,1.6,251.1,9.2,23.82,0.9536,0.030456,0.1287,65.0,65.0,4225.0,1938.0,70679.0,29538.0,,,4.0,,,,,,,,,,,,,,,,
253,spiral_inward,3.0,70.0,SUCCESS,,,2026-02-13T15:38:31.044903,1.6,1.091,0.713,0.0,1.6,326.6,14.87,32.51,0.5774,0.029813,0.126056,65.0,65.0,4225.0,1847.0,81910.0,30691.0,,,4.0,12.0,,,,,,,,,,,,,,,
254,circular,6.5,75.0,SUCCESS,6.0,,2026-02-13T15:42:13.685002,1.6,1.099,0.722,0.0,1.6,274.2,9.0,23.28,0.5774,0.029852,0.127473,65.0,65.0,4225.0,1937.0,77591.0,29881.0,,,2.0,,,,,,,,,,,,,,,,
255,hexagon,7.0,50.0,SUCCESS,15.0,3.0,2026-02-13T15:43:14.590851,1.6,1.095,0.714,0.0,1.6,315.9,13.4,30.4,0.5774,0.029586,0.126206,65.0,65.0,4225.0,1875.0,81368.0,30536.0,,,,,,,,,,,,,,,,,,,
256,square,5.5,65.0,FAILED,,2.0,2026-02-13T15:50:40.994239,,,,,,,,,,,,,,,,,,,,,,,,20.0,,,,,,,,,,,,
257,concentric,7.0,50.0,FAILED,,,2026-02-13T15:52:45.698431,,,,,,,,,,,,,,,,,,,,,6.0,,,,,,,,,,,2.0,4.0,,,
258,concentric,5.0,55.0,SUCCESS,,,2026-02-13T15:53:47.797815,1.6,1.094,0.713,0.0,1.6,318.2,14.59,32.41,0.5774,0.02943,0.125754,65.0,65.0,4225.0,1865.0,82568.0,30777.0,,,,8.0,,,,,,,,,,,2.0,7.0,,,
259,lissajous,5.0,60.0,SUCCESS,,,2026-02-13T15:54:47.929267,1.6,1.093,0.718,0.0,1.6,310.5,11.73,27.96,0.5774,0.02994,0.126972,65.0,65.0,4225.0,1885.0,78228.0,30145.0,10.0,,,,,,,,,,,,,,,,2.0,3.0,3.0
260,rose,8.0,45.0,FAILED,,,2026-02-13T16:00:05.451346,,,,,,,,,,,,,,,,,,12.0,5.0,2.0,,,,,,,,,,,,,,,,
261,spiral,8.0,65.0,FAILED,,,2026-02-13T16:02:11.779932,,,,,,,,,,,,,,,,,,,,3.0,15.0,,,,,,,,,,,,,,,
262,rose,2.0,65.0,SUCCESS,,,2026-02-13T16:03:45.274257,1.6,1.099,0.724,0.0,1.6,261.7,7.56,20.91,0.5774,0.03094,0.129766,65.0,65.0,4225.0,1945.0,70264.0,29133.0,6.0,4.0,2.0,,,,,,,,,,,,,,,,
263,spiral,6.0,70.0,SUCCESS,,,2026-02-13T16:05:01.697690,1.6,1.091,0.715,0.0,1.6,320.5,13.58,30.89,0.5774,0.030219,0.127123,65.0,65.0,4225.0,1858.0,78275.0,30224.0,,,2.0,11.0,,,,,,,,,,,,,,,
264,spiral_inward,4.0,55.0,SUCCESS,,,2026-02-13T16:09:00.104106,1.6,1.1,0.718,0.0,1.6,288.0,10.65,25.97,0.5774,0.029587,0.126772,65.0,65.0,4225.0,1924.0,80266.0,30233.0,,,3.0,14.0,,,,,,,,,,,,,,,
265,square,4.0,75.0,SUCCESS,,2.0,2026-02-13T16:12:25.124753,1.6,1.088,0.721,0.0,1.6,312.9,10.9,26.76,0.5774,0.031289,0.129485,65.0,65.0,4225.0,1884.0,72593.0,29108.0,,,,,,,18.0,,,,,,,,,,,,
266,spiral_inward,4.0,50.0,SUCCESS,,,2026-02-13T16:17:36.124907,1.6,1.104,0.715,0.0,1.6,290.7,11.58,27.9,0.5774,0.028867,0.125366,65.0,65.0,4225.0,1931.0,81280.0,30950.0,,,5.0,12.0,,,,,,,,,,,,,,,
267,spiral_inward,2.0,50.0,SUCCESS,,,2026-02-13T16:20:29.364457,1.6,1.098,0.726,0.0,1.6,261.6,7.08,19.92,0.5774,0.030706,0.129332,65.0,65.0,4225.0,1950.0,72832.0,29549.0,,,5.0,9.0,,,,,,,,,,,,,,,
268,hexagon,1.5,65.0,SUCCESS,13.0,2.0,2026-02-13T16:24:59.136777,1.6,1.099,0.725,0.0,1.6,289.1,7.1,20.89,0.5774,0.03153,0.13073,65.0,65.0,4225.0,1947.0,65428.0,28503.0,,,,,,,,,,,,,,,,,,,
269,concentric,2.5,65.0,SUCCESS,,,2026-02-13T16:29:12.568271,1.6,1.096,0.724,0.0,1.6,277.4,8.47,22.74,0.5774,0.030824,0.129225,65.0,65.0,4225.0,1924.0,70616.0,29030.0,,,,9.0,,,,,,,,,,,5.0,3.0,,,
270,figure8,3.0,40.0,SUCCESS,,,2026-02-13T16:31:16.859377,1.6,1.096,0.725,0.0,1.6,276.9,8.28,22.2,0.5774,0.029842,0.127357,65.0,65.0,4225.0,1933.0,75319.0,29999.0,8.0,,,,,,,,,,,,,1.0,,,,,
271,lissajous,6.0,70.0,FAILED,,,2026-02-13T16:37:53.828192,,,,,,,,,,,,,,,,,,14.0,,,,,,,,,,,,,,,,3.0,4.0,4.0
272,lissajous,7.5,55.0,SUCCESS,,,2026-02-13T16:40:31.408294,1.6,1.099,0.705,0.0,1.6,325.9,18.08,37.6,0.5774,0.029109,0.125213,65.0,65.0,4225.0,1854.0,87198.0,31072.0,6.0,,,,,,,,,,,,,,,,3.0,5.0,4.0
273,circular,3.5,40.0,SUCCESS,4.0,,2026-02-13T16:41:31.796810,1.6,1.101,0.718,0.0,1.6,264.2,10.25,25.33,0.5774,0.029231,0.126201,65.0,65.0,4225.0,1931.0,78940.0,30521.0,,,1.0,,,,,,,,,,,,,,,,
274,circular,8.0,75.0,SUCCESS,8.0,,2026-02-13T16:43:04.347976,1.6,1.095,0.706,0.0,1.6,315.9,16.97,35.66,0.5774,0.029418,0.125492,65.0,65.0,4225.0,1837.0,83825.0,30955.0,,,1.0,,,,,,,,,,,,,,,,
275,lissajous,4.0,55.0,SUCCESS,,,2026-02-13T16:44:04.574212,1.6,1.105,0.714,0.0,1.6,282.8,12.24,29.19,0.5774,0.028747,0.125182,65.0,65.0,4225.0,1933.0,82292.0,31050.0,8.0,,,,,,,,,,,,,,,,4.0,4.0,3.0
276,star,3.0,60.0,SUCCESS,,,2026-02-13T16:45:20.649902,1.6,1.1,0.719,0.0,1.6,268.7,9.86,24.83,0.5774,0.029855,0.127447,65.0,65.0,4225.0,1927.0,76105.0,29893.0,,,,,,,,,,,8.0,2.8,4.0,,,,,,
277,square,7.0,70.0,UPLOAD_FAILED,,3.0,2026-02-13T16:45:45.437521,,,,,,,,,,,,,,,,,,,,,,,,14.0,,,,,,,,,,,,
278,hexagon,2.0,55.0,SUCCESS,4.0,1.0,2026-02-13T16:46:38.599025,1.6,1.1,0.724,0.0,1.6,246.2,7.43,20.51,0.5774,0.03089,0.1297,65.0,65.0,4225.0,1949.0,71259.0,29184.0,,,,,,,,,,,,,,,,,,,
279,spiral,5.0,65.0,FAILED,,,2026-02-13T16:50:02.129969,,,,,,,,,,,,,,,,,,,,4.0,15.0,,,,,,,,,,,,,,,
280,star,5.5,55.0,FAILED,,,2026-02-13T16:58:16.117316,,,,,,,,,,,,,,,,,,,,,,,,,,,,14.0,8.3,5.0,,,,,,
281,zigzag,1.0,55.0,SUCCESS,,,2026-02-13T17:00:05.744040,1.6,1.096,0.729,0.0,1.6,236.4,5.53,17.36,0.5774,0.033525,0.134859,65.0,65.0,4225.0,1951.0,63516.0,28988.0,,,,,,,,18.0,10.0,11.0,,,,,,,,,
282,concentric,3.5,60.0,SUCCESS,,,2026-02-13T17:01:21.995132,1.6,1.097,0.721,0.0,1.6,281.2,10.0,25.01,0.5774,0.02971,0.126984,65.0,65.0,4225.0,1919.0,75455.0,30123.0,,,,6.0,,,,,,,,,,,2.0,6.0,,,
283,circular,2.5,45.0,SUCCESS,12.0,,2026-02-13T17:05:56.924005,1.6,1.096,0.721,0.0,1.6,270.0,9.36,24.7,0.5774,0.03061,0.128833,65.0,65.0,4225.0,1917.0,71499.0,29236.0,,,3.0,,,,,,,,,,,,,,,,
284,star,7.0,70.0,SUCCESS,,,2026-02-13T17:08:34.298505,1.6,1.094,0.707,0.0,1.6,320.1,16.88,35.77,1.252,0.029533,0.126453,65.0,65.0,4225.0,1835.0,82830.0,30987.0,,,,,,,,,,,12.0,6.3,4.0,,,,,,
285,star,1.5,55.0,TIMEOUT,,,2026-02-13T17:24:01.625625,,,,,,,,,,,,,,,,,,,,,,,,,,,,12.0,5.2,7.0,,,,,,
286,zigzag,3.0,60.0,UPLOAD_FAILED,,,2026-02-13T17:24:27.371671,,,,,,,,,,,,,,,,,,,,,,,,,22.0,22.0,3.0,,,,,,,,,
287,spiral,1.0,65.0,SUCCESS,,,2026-02-13T17:26:25.712556,1.6,1.096,0.73,0.0,1.6,260.4,5.61,17.77,0.5774,0.031954,0.131743,65.0,65.0,4225.0,1951.0,62873.0,28559.0,,,2.0,13.0,,,,,,,,,,,,,,,
288,square,4.0,55.0,SUCCESS,,1.0,2026-02-13T17:27:47.529072,1.6,1.098,0.717,0.0,1.6,282.3,10.78,26.04,0.5774,0.030343,0.128285,65.0,65.0,4225.0,1909.0,75824.0,29479.0,,,,,,,12.0,,,,,,,,,,,,
289,hexagon,4.5,65.0,SUCCESS,9.0,3.0,2026-02-13T17:31:14.183611,1.6,1.093,0.719,0.0,1.6,304.0,11.45,27.2,0.5774,0.029922,0.12708,65.0,65.0,4225.0,1887.0,76851.0,30079.0,,,,,,,,,,,,,,,,,,,
290,figure8,4.5,70.0,FAILED,,,2026-02-13T17:37:24.526041,,,,,,,,,,,,,,,,,,10.0,,,,,,,,,,,,,2.0,,,,,
291,rose,3.5,60.0,SUCCESS,,,2026-02-13T17:39:35.837485,1.6,1.099,0.719,0.0,1.6,274.0,10.39,25.7,0.5774,0.029339,0.126322,65.0,65.0,4225.0,1921.0,77788.0,30458.0,6.0,5.0,2.0,,,,,,,,,,,,,,,,
292,circular,6.0,55.0,SUCCESS,5.0,,2026-02-13T17:41:46.102405,1.6,1.097,0.714,0.0,1.6,313.2,12.98,29.75,0.5774,0.029366,0.125911,65.0,65.0,4225.0,1891.0,81495.0,30681.0,,,3.0,,,,,,,,,,,,,,,,
293,hexagon,3.0,55.0,SUCCESS,6.0,2.0,2026-02-13T17:44:28.813956,1.6,1.098,0.721,0.0,1.6,271.3,9.28,23.9,0.5774,0.030156,0.128013,65.0,65.0,4225.0,1927.0,74641.0,29614.0,,,,,,,,,,,,,,,,,,,
294,rose,4.0,55.0,SUCCESS,,,2026-02-13T17:46:05.105318,1.6,1.097,0.716,0.0,1.6,276.8,11.63,27.67,0.5774,0.029605,0.126628,65.0,65.0,4225.0,1899.0,78009.0,30354.0,10.0,2.0,1.0,,,,,,,,,,,,,,,,
295,concentric,2.0,60.0,SUCCESS,,,2026-02-13T17:47:58.145634,1.6,1.091,0.732,0.0,1.6,255.2,5.35,16.43,0.5774,0.031738,0.131105,65.0,65.0,4225.0,1935.0,65641.0,28197.0,,,,10.0,,,,,,,,,,,4.0,6.0,,,
296,rose,4.5,65.0,SUCCESS,,,2026-02-13T17:50:07.714393,1.6,1.094,0.718,0.0,1.6,296.9,11.75,27.86,0.5774,0.029871,0.126975,65.0,65.0,4225.0,1889.0,77129.0,30134.0,10.0,3.0,2.0,,,,,,,,,,,,,,,,
297,spiral_inward,2.5,60.0,SUCCESS,,,2026-02-13T17:52:33.843266,1.6,1.1,0.723,0.0,1.6,267.0,8.39,22.27,0.5774,0.029861,0.127555,65.0,65.0,4225.0,1944.0,76751.0,29939.0,,,2.0,10.0,,,,,,,,,,,,,,,
298,square,2.5,70.0,SUCCESS,,2.0,2026-02-13T17:57:28.886230,1.6,1.089,0.724,0.0,1.6,307.5,8.59,23.45,0.5774,0.031638,0.130518,65.0,65.0,4225.0,1916.0,68479.0,28519.0,,,,,,,20.0,,,,,,,,,,,,
299,circular,3.0,70.0,FAILED,14.0,,2026-02-13T18:07:20.772186,,,,,,,,,,,,,,,,,,,,2.0,,,,,,,,,,,,,,,,
300,spiral,2.0,65.0,SUCCESS,,,2026-02-13T18:10:15.260332,1.6,1.098,0.723,0.0,1.6,261.5,8.13,22.55,0.5774,0.031088,0.129808,65.0,65.0,4225.0,1931.0,68188.0,28759.0,,,2.0,13.0,,,,,,,,,,,,,,,
